ALTER TABLE `gbtest_esa_score` DROP `total`;

ALTER TABLE `gbtest_esa_score` ADD `speed` INT NOT NULL;

TRUNCATE TABLE industry;


INSERT INTO `industry` (`industrypk`, `industry_name`, `industry_desc`, `parentfk`) VALUES
(1, 'Consulting', 'Consulting', 0),
(8, 'Insurance', 'Insurance', 0),
(3, 'Chemical/Phrama', 'Chemical/Phrama', 0),
(4, 'Finance', 'Finance', 0),
(6, 'Others', 'Others', 0),
(5, 'Manufacturing', 'Manufacturing', 0),
(9, 'Technology', 'Technology', 0),
(10, 'Sales', 'Sales', 0);


DROP TABLE gbtest;

-- --------------------------------------------------------

--
-- Table structure for table `gbtest`
--

CREATE TABLE IF NOT EXISTS `gbtest` (
  `gbtestpk` int(11) NOT NULL AUTO_INCREMENT,
  `rank` int(11) NOT NULL,
  `name` varchar(255) COLLATE utf8_unicode_ci NOT NULL,
  `content` text COLLATE utf8_unicode_ci NOT NULL,
  `mail_to` varchar(255) COLLATE utf8_unicode_ci NOT NULL,
  `model_title` varchar(255) COLLATE utf8_unicode_ci NOT NULL,
  `model_content` text COLLATE utf8_unicode_ci NOT NULL,
  `gbtest_chapterfk` int(11) NOT NULL,
  `esa` tinyint(1) NOT NULL,
  PRIMARY KEY (`gbtestpk`)
) ENGINE=MyISAM  DEFAULT CHARSET=utf8 COLLATE=utf8_unicode_ci AUTO_INCREMENT=23 ;

--
-- Dumping data for table `gbtest`
--

INSERT INTO `gbtest` (`gbtestpk`, `rank`, `name`, `content`, `mail_to`, `model_title`, `model_content`, `gbtest_chapterfk`, `esa`) VALUES
(1, 1, 'Singapore branch request', 'You and your boss Robbie French are making a trip to Singapore next month.  You need to email Candy Schipper, a senior manager you know in Singapore, requesting a 2-hour meeting on August 2 or 3. <br /><br /> You and Robbie would both prefer a meeting time from 1:00 or 2:00 pm because you do not like morning meetings.  (You habitually workout together in the mornings at Raffles, your hotel.) <br /><br />You need to confirm this in 2 days so you can start setting other (less important) meetings in your Singapore office.  Also, don''t forget you both want to have a tour of Singapore''s new IT Department after the meeting with Candy.  About 30 minutes should be long enough.<br /><br /> <strong>Email Candy with your requests.</strong>', 'Candy Schipper', 'Meeting Setup Request', 'Hi Candy,\n<br /><br />\nAhead of Robbie and my upcoming trip to Singapore, could we ask you to set up the below 2.5-hour slot?\n<br /><br />\n2-hour meeting with with you on either August 2 or 3, preferably starting early afternoon, followed by: 30-minute tour of your new IT department with you after the meeting.<br /><br />\nSorry for the rush, but could we ask you to respond by Friday so that we can start scheduling other appointments around this one?  Thanks very much. We''re looking forward to catching up with you.\n<br /><br />\nRegards,<br />\nEmi', 1, 0),
(2, 2, 'Attachment request', 'Bob Stewart, a colleague from your New York branch, just sent you a message on the new global office procedures.<br/> His email message indicated that there should have been an attachment "gop.doc".  But he forgot to send the attachment. <br/><br/>\n<strong> Write to Bob requesting that he send the attachment.</strong>', 'Bob Stewart ', 'Missing Attachment Needed', 'Hi Bob\n<br /><br />\nCould you send me the gop.doc attachment?  It wasn''t attached to your message.\n<br /><br />\nThanks <br />\nEmi', 1, 0),
(3, 3, 'New Address', 'Your manager, Janie Abe, just got a divorce. She has changed her name back to Janie Googlesternvinskly, and will start using her old email address. <br/><br/> <strong>Send an announcement to all staff that from now on they should be using her old email address: janie.googlesternvinskly@yourcompany.com </strong>', 'All Staff', 'Janie New Email Address', 'All:\n<br/>\n<br/>\nEffective immediately, the email address for Janie (formerly Abe) has been changed back to the following:\n<br/>  janie.googlesternvinskly@yourcompany.com\n<br/>\n<br/>\nPlease note that her name has also changed back to Janie Googlesternvinskly.  \n<br/>\n<br/>\nRegards,\n<br/>\nEmi Suzuki for Janie Googlesternvinskly', 2, 0),
(4, 4, 'Combination: info + request', 'You need to send a message to Cory Decatur, a colleague.  You need to inform him that the next Monday morning meeting has been cancelled. It has been postponed to Tuesday at the same time (9 am). <br/><br/> In the same message, you should remind him to email the revised Operations Department Project spreadsheet (you requested this in an email last week). You need this by 5:00 p.m. today. Your accounting department is waiting.<br/><br/><strong>Send Cory the email.</strong>', 'Cory Decatur', 'RE: Spreadsheet Needed / Meeting Postponed', 'Hi Cory\r\n<br/><br/>\r\n2 things:\r\n<br/><br/>\r\n    1.Please send the Operations Department Project spreadsheet, as requested last week, by 5 p.m. today latest, as Accounting needs it.\r\n   <br/> 2.Monday''s 9 a.m. meeting has be postponed to Tuesday at the same time.\r\n<br/><br/>\r\nI''m waiting for the spreadsheet.\r\n<br/><br/>\r\nEmi', 2, 0),
(5, 1, 'Long Week End', ' It has been two years since your company''s computer system has been upgraded.  But over this weekend, which is a long weekend running from Saturday May 21 to Monday May 23, the IT department is going to upgrade all of your company''s computers.  IT are going to do the installation from noon on Sunday to 8:00 p.m. on Monday.  Without exception, no one will be allowed to use computers during that time.  Your job is to send out a company-wide message informing everyone of the situation and reminding them to close all files and applications on their computers when they leave on Friday so they don''t lose any data.', 'stan@bcmedia.com', '', '', 3, 1),
(6, 2, 'Ask Derek', 'It''s lucky you seem to get on well enough with your new boss Derek Straw, because you suddenly find you are in an urgent situation and you need to request his help. Your client meeting is running over time, and you won''t be able to make it back to the office until later this evening.<br /><br />\r\nProblem is you were planning to finish the HongKong Presentation preparation by the 5:00 deadline. So now you have to ask Derek. <br /><br />He''ll have to add two names to the presentation guest list because Karen Lee (who is always great to have at these presentations because she always asks lots of good questions in Q & A) from CyberWand Corp. and Abdul Habib from Indo Biz Inc. both just called to confirm their attendance. <br /><br />Derek will also need to obtain a PDF map of your new\r\noffice location in HK, and he''ll also have to switch the font on the PowerPoint slides from Times to\r\nArial.  This is pretty urgent, so you''ll want a confir mation that he can do these things either phoned or emailed to your cell phone (090.5555.1212).\r\n', 'dan@newsoftheworld.co.uk', '', '', 4, 1),
(7, 5, 'Remas Rejection', 'Kim Wu, your Hong Kong contact, has asked for some client information on Remas Corp. He needs it by the end of today if possible. You need your boss''s approval to release this confidential information.<br><br> Your boss will not be back until tomorrow. You have access to some non-confidential information that may help him.<br><br>\r\n<strong>Send Kim a message to explaining the situation.</strong>', 'Kim Wu', 'Tomorrow Morning OK?', '\r\nHi Kim\r\n<br><br>\r\nI won''t be able to send the full requested Remas info until tomorrow morning.  This is because I need the approval of my boss, who is out until tomorrow.\r\n<br><br>\r\nFor now, I''m attaching all of the information that I''m allowed to send.  I hope it will be useful to you.  The rest I''ll send tomorrow morning.\r\n<br><br>\r\nRegards', 5, 0),
(11, 9, 'Bank Problem Apology', 'You just received a complaint from your head office.  You have been consistently sending your FX department''s trading volume and income report late every month. This is because your department''s staff, who help you make your report, have been sending their information late. You sent your staff a very persuasive request letter so they should start sending their reports on time.  Your job has been very busy and your office has been undergoing restructuring.<br /><br />\r\n<strong>Please send the head office an apology email.</strong>', 'Head Office', 'Reports on Time Going Forward ', 'Dear Head Office\r\n<br/><br/>\r\nI''m writing to assure you that my FX report will be on time from now on.  I am sorry for the inconvenience caused by the repeated delays.  We have modified the internal reporting deadline at our side, so there will be no future delays.\r\n<br/><br/>\r\nThanks for your patience.\r\n<br/><br/>\r\nRegards', 7, 0),
(8, 6, 'Small World Office', 'It''s after lunch and you just received a phone call from a colleague in your office, Mike Nicholson. He has been having system problems and cannot save the balance sheet information for an important deal. <br><br>The information needs to be accessed later in the afternoon by Singapore office.  Mike asked you to do it for him because he must now go out to make some calls, and you agreed.  However, you have just tried to save it, and have found the system problem is office-wide.<br><br>You called IT, who say they are working on it.  Luckily you have a friend, Lila Pedrosa, also in Singapore.  You called her, and she said if you would send her the balance sheet, she could upload the information on to their database from there.  You have just done this, so the information will be uploaded by this afternoon''s deadline.<br><br>\r\n<strong>Send Mike an email message explaining the situation.\r\n</strong>', 'Mike Nicholson', 'RE: B/S Uploaded via Singapore', 'Hi Mike\r\n<br><br>\r\nThis is an update regarding the balance sheet information which will be uploaded as requested by the deadline.  In detail, I personally wasn''t able to do it for you as the system problem appears to be company-wide.  IT are now working on it.  So, I sent the balance sheet to Lila Pedrosa in Singapore.  She agreed to upload the information onto their database from there so you should find the information uploaded as requested.\r\n<br><br>\r\nIf there is some problem, let either of us know.\r\n<br><br>\r\nRegards', 5, 0),
(9, 7, 'Slow Responder Problem', 'Jerry Sloan is a colleague you have known for 6 months working in your Chicago office.  He is not good about answering your requests. Sometimes he is late and sometimes he doesn''t respond at all.  <br /><br />Even though you are normally very cool, right now you are feeling angry because of these delays.  You had to send him reminders for your last 2 email requests.  You want to receive answers by your deadlines or you will contact his manager for help.  His answer to your urgent question about product pricing is now 2 days late. <br /><br />\n<strong> You must send a problem email to Jerry. </strong>', 'Jerry Sloan', 'Pricing Answer Needed Today', '\r\nJerry\r\n<br />\r\n<br />\r\nWe need to resolve the problem with your poor responses.  Your replies are frequently very late, and sometimes you don''t reply at all.  In fact, we''re still waiting for your answer to my product pricing question, now 2 days overdue.  I appreciate that you are busy but your repeated delays cause serious problems at this end.\r\n\r\n<br />\r\n<br />\r\nSo please urgently respond to my product pricing question within today.  If I don''t hear from you within today, I''ll need to escalate because we can''t wait any longer.  In addition, along with your immediate response to our pricing question, please confirm that you will make more of an effort to deliver timely replies going forward. \r\n\r\n<br />\r\n<br />\r\nI''m waiting for your immediate response.\r\n\r\n<br />\r\n<br />\r\nRegards', 6, 0),
(10, 8, 'Registration Problem', 'You received a complaint from one of your clients, Rich Wallace, from Fresco''s.  He has not received any account statements. You checked and found that Fresco''s accounting department does not have any registered email address with you. The only email address you have is Mr. Wallace''s personal email address which you believe is not the address to which he would like the statements sent. Fresco''s account number is Q021522236.<br><br>\r\n<strong>Send a response to Mr. Wallace asking him to inform you of Fresco''s accounting department email address.</strong>', 'Rich Wallace', 'RE: Email Address Needed', '\r\nDear Rich\r\n<br /><br />\r\nIn response to your message, I checked our records and found that, other than your personal email address, we do not have a Fresco''s email address registered in our database.  This may have been the cause of the problem.  \r\n<br /><br />\r\nSo, could you please inform us of your accounting department''s email address?  As soon as we receive it, we will send you the outstanding statements.  I''m sure this will clear things up.  Thanks for your patience.\r\n<br /><br />\r\nRegards', 6, 0),
(12, 10, 'Forgot File Apology', 'You just sent an email to Pedro Martinez in your Manila office.  But you forgot to attach the Monthly Sales File document which was the whole purpose of the email.  Sometimes you think you''d forget to bring your head to work if it weren''t already attached to your body!<br><br>\r\n<strong> Send an apology email to Pedro, and attach the file.</strong>', 'Pedro Martinez ', 'File Attached', '\r\nPedro\r\n<br /><br />\r\nHere it is. Sorry about that.', 7, 0),
(13, 11, 'Appreciation Message', 'You just attended a training seminar run by Andrew Risko a senior colleague.  Although you didn''t really want to go, you decided to go because of the free pizza. You were surprised because you learned a lot. It was your favorite seminar ever.  You leaned a lot.  The pizza was also excellent. <br /><br />Andrew gave an excellent talk that helped you understand the new 360-degree evaluation system. You are excited because you now have the chance to evaluate your boss.<br /><br />\r\n<strong>Send Andrew a note of appreciation. </strong>', 'Andrew Risko ', 'Thank You ', 'Dear Andrew\r\n<br><br>\r\nThank you very much for the excellent seminar last week.  You really helped me to understand the new 360 evaluation system and I''m now actually looking forward to the opportunity to use it to evaluate my boss.  Actually, I honestly think your seminar was the best training I''ve ever had. (The pizza wasn''t bad either!)\r\n<br><br>\r\nI sincerely hope I will get an opportunity in the near future to attend another of your training seminars.\r\n<br><br>\r\nKind regards', 8, 0),
(14, 12, 'Blogger Stopper', 'Your boss just told you she is taking an unexpected trip to the LA to take care of some personal business—her son has dropped out of USC to focus his attentions on becoming a Hollywood blogger! <br><br> While your boss is away she wants the Asian branches (which she is in charge of) to report to you.  She would also like the branches to confirm by the 15th who will be attending the Asia-Pac Conference in Singapore on March 24.  She will leave Thursday, February 9, and return on Friday, February 17. <br><br>\r\n<strong> Please send an email to the branches explaining the above.</strong>', 'Asian Branches ', 'Pitt Absence / 2 Requests ', 'All:\r\n<br/><br/>\r\nPlease be informed that Angelina Pitt will be absent from the office from February 9 - 16 inclusive.  During her absence, she has requested Asian branches:\r\n<br/><br/>\r\n1. report to me.\r\n2. confirm with me by February 15 who will be attending the Asia-Pac Conference in Singapore on March 24.\r\n<br/><br/>\r\nPlease let me know if you have any questions or problems.  Thank you for your cooperation.  Looking forward to hearing back from you.', 8, 0),
(15, 13, 'Software Persuasion', 'Every week you have to analyze financial data and write reports.  You just heard about some new software for financial analysis called Finalysis which has several important features.  It costs $2,500.  Your current software is slow, difficult to use, and can''t calculate all of the financial ratios required by your company for an effective analysis. <br><br>The new software can save you about one hour per report so you can spend more time playing pachinko.  It calculates all of the necessary financial ratios, is user friendly, and has very fast processing capabilities.  The maker of the software, Finware Incorporated, has a 24-hour problem hotline.  Your boss is cutting this year''s budget by 25% and is very stingy, but you love pachinko—so, <strong>send her an email selling your idea to purchase the software.</strong>', 'Mary Poppins', 'Re: New Software Recommendation: Finalysis ', 'Hi Mary\r\n<br><br>\r\nDid you know that a manual error in one of our reports nearly cost us an account last week?  This is just one reason why I want to recommend we purchase some outstanding new software: Finalysis.  \r\n\r\n<br><br>\r\nThe benefits are that it is:\r\n<br>\r\n    <strong>1. Fast:</strong> Finalysis is 30% faster than the current software which means it will save us about one hour per report. This will free us up to work on other things.<br>\r\n    <strong>2. Automatic:</strong> It can calculate all the necessary ratios, thereby greatly reducing the risk of manual error. Using the new software, we would eliminate problems like the potentially-expensive one encountered with ABC Account last week.<br>\r\n    <strong>3. User-friendly:</strong> The new software provides on-screen prompts and can be mastered quickly. This means more staff will be able to use it, thus greatly increasing our efficiency. For example, even a temp staff would be able to use the software without formal training.<br>\r\n   <strong>Convenient:</strong> The maker of the software offers a 24-hour hotline. What this means is that we would no longer have to endure costly all-night waits for service.\r\n<br><br>\r\nYou may think at USD 2,500 the software seems expensive especially with our tighter budget.  But if we consider the time saved, we see that it will pay for itself within 18 months (1 hour/report x 85 reports/ year x USD 20 /employee hour).  You may also be concerned about staff resistance to the introduction of new financial analysis software.  However this is not a problem because all 6 staff in our section have already expressed support of purchasing Finalysis.\r\n<br><br>\r\nIf you are interested, I would be happy to arrange a demonstration.  Also, if you have any questions, I would be happy to answer them for you.  Thanks for your consideration.  I''m looking forward to hearing back from you soon.\r\n<br><br>\r\nRegards', 9, 0),
(16, 14, 'Training Request', 'Last month, when it was quiet, you reminded your staff of the importance of improving their skills through company training programs.  This morning, one of your staff asked if she could attend the 2-Way Management seminar in Seoul at the end of this month. <br><br> Problem is, a lot of work has just come in.  If your staff went to the seminar, all of you in the department would have to cover for her.  The 2-Way Management seminar is quite popular and will be offered again in 6 months. <br><br>\r\n<strong>Please send her an email explaining that she can''t attend next month''s training seminar.</strong>', 'Sarah Dyer', 'Training Request', 'Hi Sarah\r\n<br><br>\r\nI received your request to attend the 2-Way Management Seminar.  Although I recognize the importance of your picking up valuable skills in this area, I am sorry to inform you that I cannot let anyone attend at this time.  As you know, a lot of work has just come in and consequently we need everyone here.\r\n<br><br>\r\nHowever, I suggest you apply to attend the next seminar in Seoul in six months.  We won''t be as busy then, and I will do my best to approve your attendance at that time.  Feel free to contact me if you wish to discuss this matter further.  Thanks for your understanding.\r\n<br><br>\r\nRegards', 9, 0),
(17, 15, 'Short Handed', 'You work in an area which has 15 members. Your boss, Jane Wood, has asked you to write an English and Japanese version manual for all of the Japan branches detailing the operating procedures.  The deadline is July 13th, and the project is just over half finished, and it took two weeks to do.<br><br>\r\nToday is June 27th, and the deadline has just been changed from July 13th to July 6th.  You know that even if you worked both Saturday and Sunday, you wouldn''t be able to finish on time.<br><br>\r\n<strong>Send an email persuading your boss to give you another staff member.</strong>', 'Jane Wood', 'RE: Deadline Impossible / Additional Staff Needed', 'Hi Jane\r\n<br><br>\r\nIt has just come to my attention that the deadline for the operating procedures manual has been brought forward from July 13 to July 6.  However, I must inform you that it will not be possible for me to meet this new deadline if I continue to work alone.  In detail, I have been working on the project for two weeks now and it is only just over half finished.  This means even if I worked on weekends, I would not be able to finish it by the new deadline.\r\n<br><br>\r\nSo, would you kindly consider assigning another staff member to assist me on this project if you wish to meet the new deadline?  Alternatively, I can still guarantee that I will finish by the original deadline if I continue working alone.\r\n<br><br>\r\nPlease let me know how you wish to proceed on this matter.  Thank you for your understanding.  I''m waiting to hear back from you.\r\n<br><br>\r\nRegards', 10, 0),
(18, 16, 'Trade Detail', 'You just received a voicemail message from Sandra Smith, a colleague from London.  She is having a problem with the NorQuest Inc. trade, and would like you to confirm the details.  On the voicemail, she said she thought the counterparty''s instruction was for 13,566,000 yen.  This is not correct.  The correct information is 30,566,000 yen; the trade date is March 1st and the settlement is March 6th.  Send her an email with the correct information. <br/><br/>\r\n<strong> You will also attached a PDF copy of the transaction record.</strong>', 'Sandra Smith', 'RE: Correct NorQuest Trade Details', 'Sandra\r\n<br/><br/>\r\nFollowing are the correct details for the captioned trade.  Please note in particular the amount which is different from the amount mentioned in your voicemail message.\r\n<br/><br/>\r\n   - Correct Amount: JPY 30,566,000 (not JPY 13,566,000 as per your voicemail)<br/>\r\n   - Trade Date: March 1<br/>\r\n   - Settlement Date: March 6<br/>\r\n<br/><br/>\r\nI have attached a PDF copy of the transaction record for your confirmation.\r\n<br/><br/>\r\nRegards', 10, 0),
(19, 17, 'London Bound', 'You are excited because you''ve got an upcoming business trip to London. While in London on Wednesday, March 14, you would like to tour the back office operations of your London office futures department.  On the same day, you would like to have lunch with several of the staff of the futures department.\r\n<br><br>\r\n At lunch you want to discuss the details of your bank''s new futures trading policy.  On Saturday you would like to rent an outside court and play tennis at Wimbledon with your friend, June Wilson, who works in the futures department and loves to play tennis.\r\n<br><br>\r\n<strong>Please email her and ask for her help in arranging everything.</strong>', 'June Wilson', 'RE: 3 Trip Arrangement Requests', 'Hi June!\r\n<br/><br/>\r\nRegarding my upcoming trip to London, could I ask you to arrange the following?\r\n<br/>\r\n<br/>\r\nMar 14 (Wed)\r\n<br/>\r\n- Tour: of the back office operations of your futures department.\r\n- Lunch: with the staff of the futures department so we can discuss the new futures trading policy\r\n<br/>\r\n<br/>\r\nMar 17 (Sat)\r\n<br/>\r\n- Tennis: Could you reserve us an outside court at Wimbledon?  I''d like to treat you to a game (if you''re free of course!)\r\n<br/><br/>\r\nCould you let me know when these things are confirmed? <br/>\r\nThanks a lot June.\r\n<br/><br/>\r\nI''m really looking forward to seeing you.\r\n<br/><br/>\r\nKind regards', 11, 0),
(20, 18, 'Pricing Guidelines', 'Yesterday, Glenn Wang sent you an email asking when the new worldwide pricing guidelines start.  Incidentally, Glenn never answers your requests on time.  The answer to Glenn''s question is January 1 next year.  Attach a complete PDF copy of the guidelines for him.<br><br>\r\n<strong>Send an email covering this information.</strong>', 'Glenn Wang', 'RE: Guidelines Start Jan 1', 'Glenn\r\n<br /><br />\r\nThe new worldwide pricing guidelines start from January 1 next year.  I''ve attached a PDF copy of the complete guidelines for your confirmation.\r\n<br /><br />\r\nBy the way Glenn, going forward, can you please give me the same courtesy that I give you of responding to requests in a timely manner?\r\n<br /><br />\r\nThanks', 11, 0),
(21, 19, 'Security ID''s', 'Security at your company is very strict so everyone has a computerized ID card.  At the end of March, two of your staff (Rob Hewson [staff # 2209] and Shigeru Ueno [staff #3031]) will be transferred to your New York and Beijing offices respectively.  Soon after (on April 15), you will be adding two new entrants (Mai Lee, who will need access to all areas, and Dillon West, who will need access only to IT on the 14th floor). \r\n<strong>Please send an email Chieko Tomita in your general affairs department to make the necessary changes.</strong>', 'Chieko Tomito ', 'RE: ID Card Requests', '\r\nHi Chieko\r\n<br><br>\r\nCan you please make the following ID card changes?\r\n\r\n<br><br>\r\nDelete, (March 31) due to transfer:\r\n\r\n<br><br>\r\n- Hewson, Rob (#2209; New York) \r\n<br>\r\n- Ueno, Shigeru (#3031; Beijing)\r\n<br><br>\r\nAdd, (from April 15) new entrants:\r\n\r\n<br>\r\n    - Lee, Mai (access all areas)\r\n<br>\r\n    - West, Dillon (access 14F IT only)\r\n<br><br>\r\nCould you let me know as these are completed?\r\n<br><br>\r\nThanks and regards', 12, 0),
(22, 20, 'Coworker Congrat', 'Lynette Goldbloom is a former colleague and good friend of yours who is now at the New York Branch. You and Lynette started working together at the same time.<br><br> Two years ago, she was transferred to New York.  You just heard through the company grapevine that she has now been promoted to Operations Manager. You are happy for her. You knew her dream was to be a manager some day. Write and congratulate her. <strong> She will be attending a conference at your office next month.</strong>', 'Lynette Goldbloom ', 'RE: Congratulations', 'Hi Lynette\r\n<br><br>\r\nCongratulations!  I just heard through the company grapevine that you''ve been promoted to Operations Manager.  I''m thrilled for you as I know this fulfills a dream for you.  I think you really deserve it.\r\n<br><br>\r\nI know you''ll be here for a conference next month, so I hope you''ll let me take you out for a fancy dinner to celebrate!\r\n<br><br>\r\nAnyway, congratulations again.  I can''t wait to see you.', 12, 0);

TRUNCATE TABLE gbtest_chapter;

INSERT INTO `gbtest_chapter` (`gbtest_chapterpk`, `name`, `rank`) VALUES
(1, 'Requests', 1),
(2, 'Information', 2),
(3, 'ESA1', 3),
(4, 'ESA2', 4),
(5, 'Rejections', 3),
(6, 'Problems', 4),
(7, 'Apologies', 5),
(8, 'GoodWill', 6),
(9, 'Persuasion', 7),
(10, 'No Name', 8),
(11, 'No Name', 9),
(12, 'No Name', 10);

ALTER TABLE `gbtest_correction` CHANGE `status` `status` ENUM( 'draft', 'sent', 'read' ) CHARACTER SET utf8 COLLATE utf8_unicode_ci NOT NULL
ALTER TABLE `gbtest_correction_point` CHANGE `comment` `comment` TEXT CHARACTER SET utf8 COLLATE utf8_unicode_ci NOT NULL

ALTER TABLE `gbuser_company` ADD `nationalityfk` INT NOT NULL


CREATE TABLE IF NOT EXISTS `nationality` (
  `nationalitypk` int(11) NOT NULL AUTO_INCREMENT,
  `nationality_name` varchar(255) COLLATE utf8_bin NOT NULL,
  PRIMARY KEY (`nationalitypk`)
) ENGINE=MyISAM  DEFAULT CHARSET=utf8 COLLATE=utf8_bin AUTO_INCREMENT=56 ;


INSERT INTO `nationality` (`nationalitypk`, `nationality_name`) VALUES
(1, 'Japan'),
(2, 'Malaysia'),
(3, 'Singapore');

/* STATISTIC PURPOSES */

INSERT INTO `gbuser_company` (`gbuser_companypk`, `name`, `industryfk`, `active`, `created_on`, `nationalityfk`) VALUES
(1000, 'System Company Consulting', 1, 0, '2013-12-12 10:09:25', 1),
(1001, 'System Company Insurance', 8, 0, '2013-12-12 10:09:25', 1),
(1002, 'System Company Chemical', 3, 0, '2013-12-12 10:12:40', 1),
(1003, 'System Company Finance', 4, 0, '2013-12-12 10:12:40', 1),
(1004, 'System Company Manufacturing', 5, 0, '2013-12-12 10:13:14', 1),
(1005, 'System Company Others', 6, 0, '2013-12-12 10:13:14', 1),
(1006, 'System Company Technology', 9, 0, '2013-12-12 10:13:54', 1),
(1007, 'System Company Sales', 10, 0, '2013-12-12 10:13:54', 1);


INSERT INTO `right` (`label`, `description`, `type`, `cp_uid`, `cp_action`, `cp_type`, `cp_pk`) VALUES
('Static help page', 'Static access to the help page', 'logged', '196-001', 'ppav', 'help', 0);

