-- Stephane: 06-06-2013
INSERT INTO `right` (`rightpk`, `label`, `description`, `type`, `cp_uid`, `cp_action`, `cp_type`, `cp_pk`) VALUES
(111, 'Alias opportunity paiement', 'Allow to delete opportunities.', 'alias', '555-123', 'ppad', 'opp', 0);
INSERT INTO `right_tree` (`rightfk`, `parentfk`) VALUES(111, 104);

-- Stephane: 07-06-2013  Missing right to search connections
INSERT INTO `right` (`rightpk`, `label`, `description`, `type`, `cp_uid`, `cp_action`, `cp_type`, `cp_pk`) VALUES
(112, 'Alias AB search connection ', 'Alias allowing to use the connection selector.', 'alias', '777-249', 'ppasea', 'ct', 0);
INSERT INTO `right_tree` (`rightfk`, `parentfk`) VALUES(112, 2);



-- give me quick access to all user's account (and the future ones :p )
-- UPDATE login SET otherloginfks = '1,2,3,4,5,6,7,8,9,10,11,12,13,14,15,16,17,18,19,20,21,22,23,24,25,26,27,28,29,30,31,32,33,34,35,36,387,38,39,40,41,42,43,44,45' WHERE loginpk = 5;


-- update menu
UPDATE `settings` SET `value` = 'YToxOntzOjI6ImVuIjthOjk6e2k6MDthOjk6e3M6NDoibmFtZSI7czo0OiJIb21lIjtzOjQ6ImxpbmsiO3M6MDoiIjtzOjQ6Imljb24iO3M6MjA6InBpY3R1cmVzL2hvbWVfNDgucG5nIjtzOjY6InRhcmdldCI7czo3OiJfcGFyZW50IjtzOjM6InVpZCI7czo3OiI1NzktNzA0IjtzOjQ6InR5cGUiO3M6MDoiIjtzOjY6ImFjdGlvbiI7czowOiIiO3M6MjoicGsiO2k6MDtzOjU6InJpZ2h0IjthOjE6e2k6MDtzOjY6ImxvZ2dlZCI7fX1pOjE7YToxMDp7czo0OiJuYW1lIjtzOjE2OiJDb25uZWN0aW9ucyBMaXN0IjtzOjQ6ImxpbmsiO3M6MDoiIjtzOjQ6Imljb24iO3M6MjY6InBpY3R1cmVzL2Nvbm5lY3Rpb25fNDgucG5nIjtzOjY6InRhcmdldCI7czo3OiJfcGFyZW50IjtzOjM6InVpZCI7czo3OiI3NzctMjQ5IjtzOjQ6InR5cGUiO3M6MjoiY3QiO3M6NjoiYWN0aW9uIjtzOjQ6InBwYWwiO3M6MjoicGsiO2k6MDtzOjU6InJpZ2h0IjthOjE6e2k6MDtzOjY6ImxvZ2dlZCI7fXM6NToiY2hpbGQiO2E6NDp7aTowO2E6MTA6e3M6NDoibmFtZSI7czoxNDoiTXkgQ29ubmVjdGlvbnMiO3M6NDoibGluayI7czowOiIiO3M6NjoidGFyZ2V0IjtzOjc6Il9wYXJlbnQiO3M6MzoidWlkIjtzOjc6Ijc3Ny0yNDkiO3M6NDoidHlwZSI7czoyOiJjdCI7czo2OiJhY3Rpb24iO3M6NDoicHBhbCI7czoyOiJwayI7aTowO3M6NzoibG9naW5wayI7aToxO3M6Nzoib25jbGljayI7czowOiIiO3M6NToicmlnaHQiO2E6MTp7aTowO3M6NjoibG9nZ2VkIjt9fWk6MTthOjk6e3M6NDoibmFtZSI7czoxODoiU2VhcmNoIENvbm5lY3Rpb25zIjtzOjQ6ImxpbmsiO3M6MDoiIjtzOjY6InRhcmdldCI7czo3OiJfcGFyZW50IjtzOjM6InVpZCI7czo3OiI3NzctMjQ5IjtzOjQ6InR5cGUiO3M6MjoiY3QiO3M6NjoiYWN0aW9uIjtzOjQ6InBwYWwiO3M6MjoicGsiO2k6MDtzOjc6Im9uY2xpY2siO3M6MTk6ImFkZFBhcmFtZXRlcih0aGlzKTsiO3M6NToicmlnaHQiO2E6MTp7aTowO3M6NjoibG9nZ2VkIjt9fWk6MjthOjEwOntzOjQ6Im5hbWUiO3M6MTU6IkFkZCBDb25uZWN0aW9ucyI7czo0OiJsaW5rIjtzOjA6IiI7czo2OiJ0YXJnZXQiO3M6NzoiX3BhcmVudCI7czozOiJ1aWQiO3M6NzoiNzc3LTI0OSI7czo0OiJ0eXBlIjtzOjI6ImN0IjtzOjY6ImFjdGlvbiI7czo0OiJwcGFhIjtzOjI6InBrIjtpOjA7czo3OiJvbmNsaWNrIjtzOjA6IiI7czo0OiJpY29uIjtzOjU1OiIvY29tcG9uZW50L2FkZHJlc3Nib29rL3Jlc291cmNlcy9waWN0dXJlcy9jdF9hZGRfMTYucG5nIjtzOjU6InJpZ2h0IjthOjE6e2k6MDtzOjY6ImxvZ2dlZCI7fX1pOjM7YToxMDp7czo0OiJuYW1lIjtzOjE0OiJBZGQgYSBwcm9zcGVjdCI7czo0OiJsaW5rIjtzOjA6IiI7czo2OiJ0YXJnZXQiO3M6NzoiX3BhcmVudCI7czozOiJ1aWQiO3M6NzoiNzc3LTI0OSI7czo0OiJ0eXBlIjtzOjI6ImN0IjtzOjY6ImFjdGlvbiI7czoxNToicHBhYSZwcm9zcGVjdD0xIjtzOjI6InBrIjtpOjA7czo3OiJvbmNsaWNrIjtzOjA6IiI7czo0OiJpY29uIjtzOjU1OiIvY29tcG9uZW50L2FkZHJlc3Nib29rL3Jlc291cmNlcy9waWN0dXJlcy9jdF9hZGRfMTYucG5nIjtzOjU6InJpZ2h0IjthOjE6e2k6MDtzOjY6ImxvZ2dlZCI7fX19fWk6MjthOjEwOntzOjQ6Im5hbWUiO3M6MTQ6IkNvbXBhbmllcyBMaXN0IjtzOjQ6ImxpbmsiO3M6MDoiIjtzOjQ6Imljb24iO3M6MjM6InBpY3R1cmVzL2NvbXBhbnlfNDgucG5nIjtzOjY6InRhcmdldCI7czo3OiJfcGFyZW50IjtzOjM6InVpZCI7czo3OiI3NzctMjQ5IjtzOjQ6InR5cGUiO3M6MjoiY3AiO3M6NjoiYWN0aW9uIjtzOjQ6InBwYWwiO3M6MjoicGsiO2k6MDtzOjU6InJpZ2h0IjthOjE6e2k6MDtzOjY6ImxvZ2dlZCI7fXM6NToiY2hpbGQiO2E6NDp7aTowO2E6MTA6e3M6NDoibmFtZSI7czoxMjoiTXkgQ29tcGFuaWVzIjtzOjQ6ImxpbmsiO3M6MDoiIjtzOjY6InRhcmdldCI7czo3OiJfcGFyZW50IjtzOjM6InVpZCI7czo3OiI3NzctMjQ5IjtzOjQ6InR5cGUiO3M6MjoiY3AiO3M6NjoiYWN0aW9uIjtzOjQ6InBwYWwiO3M6MjoicGsiO2k6MDtzOjc6ImxvZ2lucGsiO2k6MTtzOjc6Im9uY2xpY2siO3M6MDoiIjtzOjU6InJpZ2h0IjthOjE6e2k6MDtzOjY6ImxvZ2dlZCI7fX1pOjE7YTo5OntzOjQ6Im5hbWUiO3M6MTY6IlNlYXJjaCBDb21wYW5pZXMiO3M6NDoibGluayI7czowOiIiO3M6NjoidGFyZ2V0IjtzOjc6Il9wYXJlbnQiO3M6MzoidWlkIjtzOjc6Ijc3Ny0yNDkiO3M6NDoidHlwZSI7czoyOiJjcCI7czo2OiJhY3Rpb24iO3M6NDoicHBhbCI7czoyOiJwayI7aTowO3M6Nzoib25jbGljayI7czo0MzoiIGFkZFBhcmFtZXRlcih0aGlzKTsgcmVzZXRDb21wYW55U2VhcmNoKCk7ICI7czo1OiJyaWdodCI7YToxOntpOjA7czo2OiJsb2dnZWQiO319aToyO2E6MTA6e3M6NDoibmFtZSI7czoxMToiQWRkIENvbXBhbnkiO3M6NDoibGluayI7czowOiIiO3M6NjoidGFyZ2V0IjtzOjc6Il9wYXJlbnQiO3M6MzoidWlkIjtzOjc6Ijc3Ny0yNDkiO3M6NDoidHlwZSI7czoyOiJjcCI7czo2OiJhY3Rpb24iO3M6NDoicHBhYSI7czoyOiJwayI7aTowO3M6Nzoib25jbGljayI7czowOiIiO3M6NDoiaWNvbiI7czo1NToiL2NvbXBvbmVudC9hZGRyZXNzYm9vay9yZXNvdXJjZXMvcGljdHVyZXMvY3BfYWRkXzE2LnBuZyI7czo1OiJyaWdodCI7YToxOntpOjA7czo2OiJsb2dnZWQiO319aTozO2E6MTA6e3M6NDoibmFtZSI7czoxNjoiTXkgb3Bwb3J0dW5pdGllcyI7czo0OiJsaW5rIjtzOjA6IiI7czo2OiJ0YXJnZXQiO3M6NzoiX3BhcmVudCI7czozOiJ1aWQiO3M6NzoiNTU1LTEyMyI7czo0OiJ0eXBlIjtzOjM6Im9wcCI7czo2OiJhY3Rpb24iO3M6NDoicHBhbCI7czoyOiJwayI7aTowO3M6Nzoib25jbGljayI7czowOiIiO3M6NDoiaWNvbiI7czoyOToiL2NvbW1vbi9waWN0dXJlcy9jb2luc18xNi5wbmciO3M6NToicmlnaHQiO2E6MTp7aTowO3M6NjoibG9nZ2VkIjt9fX19aTozO2E6MTA6e3M6NDoibmFtZSI7czo4OiJQcm9qZWN0cyI7czo0OiJsaW5rIjtzOjA6IiI7czo0OiJpY29uIjtzOjIzOiJwaWN0dXJlcy9wcm9qZWN0XzQ4LnBuZyI7czo2OiJ0YXJnZXQiO3M6NzoiX3BhcmVudCI7czozOiJ1aWQiO3M6NzoiNDU2LTc4OSI7czo0OiJ0eXBlIjtzOjM6InByaiI7czo2OiJhY3Rpb24iO3M6NDoicHBhbCI7czoyOiJwayI7aTowO3M6NToicmlnaHQiO2E6MTp7aTowO3M6NjoibG9nZ2VkIjt9czo1OiJjaGlsZCI7YTozOntpOjA7YToxMDp7czo0OiJuYW1lIjtzOjg6Ik15IHRhc2tzIjtzOjQ6ImxpbmsiO3M6MDoiIjtzOjY6InRhcmdldCI7czo3OiJfcGFyZW50IjtzOjM6InVpZCI7czo3OiI0NTYtNzg5IjtzOjQ6InR5cGUiO3M6NDoidGFzayI7czo2OiJhY3Rpb24iO3M6NDoicHBhbCI7czoyOiJwayI7aTowO3M6NzoibG9naW5wayI7aToxO3M6Nzoib25jbGljayI7czowOiIiO3M6NToicmlnaHQiO2E6MTp7aTowO3M6NjoibG9nZ2VkIjt9fWk6MTthOjk6e3M6NDoibmFtZSI7czoxMzoiUHJvamVjdHMgTGlzdCI7czo0OiJsaW5rIjtzOjA6IiI7czo2OiJ0YXJnZXQiO3M6NzoiX3BhcmVudCI7czozOiJ1aWQiO3M6NzoiNDU2LTc4OSI7czo0OiJ0eXBlIjtzOjM6InByaiI7czo2OiJhY3Rpb24iO3M6NDoicHBhbCI7czoyOiJwayI7aTowO3M6Nzoib25jbGljayI7czowOiIiO3M6NToicmlnaHQiO2E6MTp7aTowO3M6NjoibG9nZ2VkIjt9fWk6MzthOjk6e3M6NDoibmFtZSI7czoxMzoiUHJvamVjdCBVc2VycyI7czo0OiJsaW5rIjtzOjA6IiI7czo2OiJ0YXJnZXQiO3M6NzoiX3BhcmVudCI7czozOiJ1aWQiO3M6NzoiNDU2LTc4OSI7czo0OiJ0eXBlIjtzOjY6InByamFjciI7czo2OiJhY3Rpb24iO3M6NDoicHBhZSI7czoyOiJwayI7aTowO3M6Nzoib25jbGljayI7czowOiIiO3M6NToicmlnaHQiO2E6MTp7aTowO3M6NjoibG9nZ2VkIjt9fX19aTo0O2E6OTp7czo0OiJuYW1lIjtzOjIwOiJTaGFyZWQgZG9jdW1lbnQgTGlzdCI7czo0OiJsaW5rIjtzOjA6IiI7czo0OiJpY29uIjtzOjI4OiJwaWN0dXJlcy9zaGFyZWRfc3BhY2VfNDgucG5nIjtzOjY6InRhcmdldCI7czo3OiJfcGFyZW50IjtzOjM6InVpZCI7czo3OiI5OTktMTExIjtzOjQ6InR5cGUiO3M6NToic2hkb2MiO3M6NjoiYWN0aW9uIjtzOjQ6InBwYWwiO3M6MjoicGsiO2k6MDtzOjU6InJpZ2h0IjthOjE6e2k6MDtzOjY6ImxvZ2dlZCI7fX1pOjU7YToxMDp7czo0OiJuYW1lIjtzOjg6IkNvbnRhY3RzIjtzOjQ6ImxpbmsiO3M6MDoiIjtzOjQ6Imljb24iO3M6MjM6InBpY3R1cmVzL2NvbnRhY3RfNDgucG5nIjtzOjY6InRhcmdldCI7czo3OiJfcGFyZW50IjtzOjM6InVpZCI7czo3OiI1NzktNzA0IjtzOjQ6InR5cGUiO3M6MzoidXNyIjtzOjY6ImFjdGlvbiI7czo0OiJwcGFsIjtzOjI6InBrIjtpOjA7czo1OiJyaWdodCI7YToxOntpOjA7czo2OiJsb2dnZWQiO31zOjU6ImNoaWxkIjthOjE6e2k6MDthOjEwOntzOjQ6Im5hbWUiO3M6MTA6Ik9yZ2FuaWdyYW0iO3M6NDoibGluayI7czoyNjoiL21lZGlhL2JjX29yZ2FuaXphdGlvbi5wZGYiO3M6NjoidGFyZ2V0IjtzOjY6Il9ibGFuayI7czozOiJ1aWQiO3M6MDoiIjtzOjQ6InR5cGUiO3M6MDoiIjtzOjY6ImFjdGlvbiI7czowOiIiO3M6MjoicGsiO2k6MDtzOjc6ImxvZ2lucGsiO2k6MDtzOjc6Im9uY2xpY2siO3M6MDoiIjtzOjU6InJpZ2h0IjthOjE6e2k6MDtzOjY6ImxvZ2dlZCI7fX19fWk6ODthOjEyOntzOjQ6Im5hbWUiO3M6ODoiQ2FsZW5kYXIiO3M6NDoibGluayI7czowOiIiO3M6NDoiaWNvbiI7czoyNDoicGljdHVyZXMvY2FsZW5kYXJfNDgucG5nIjtzOjY6InRhcmdldCI7czowOiIiO3M6MzoidWlkIjtzOjc6IjQwMC02NTAiO3M6NDoidHlwZSI7czo4OiJjYWxlbmRhciI7czo2OiJhY3Rpb24iO3M6NDoicHBhdiI7czoyOiJwayI7aTotMTtzOjk6ImFqYXhwb3B1cCI7aTowO3M6NzoibG9naW5wayI7aToxO3M6NToicmlnaHQiO2E6MTp7aTowO3M6NjoibG9nZ2VkIjt9czo1OiJjaGlsZCI7YTozOntpOjA7YTo4OntzOjQ6Im5hbWUiO3M6MTE6Ik15IGNhbGVuZGFyIjtzOjM6InVpZCI7czo3OiI0MDAtNjUwIjtzOjQ6InR5cGUiO3M6ODoiY2FsZW5kYXIiO3M6NjoiYWN0aW9uIjtzOjQ6InBwYXYiO3M6MjoicGsiO2k6LTE7czo5OiJhamF4cG9wdXAiO2k6MDtzOjQ6Imljb24iO3M6Mzg6Ii9jb21tb24vcGljdHVyZXMvaXRlbXMvY2FsZW5kYXJfMTYucG5nIjtzOjU6InJpZ2h0IjthOjE6e2k6MDtzOjY6ImxvZ2dlZCI7fX1pOjE7YTo4OntzOjQ6Im5hbWUiO3M6MTU6IlNoYXJlZCBjYWxlbmRhciI7czozOiJ1aWQiO3M6NzoiNDAwLTY1MCI7czo0OiJ0eXBlIjtzOjg6ImNhbGVuZGFyIjtzOjY6ImFjdGlvbiI7czo0OiJwcGF2IjtzOjI6InBrIjtpOjA7czo5OiJhamF4cG9wdXAiO2k6MDtzOjQ6Imljb24iO3M6Mzg6Ii9jb21tb24vcGljdHVyZXMvaXRlbXMvY2FsZW5kYXJfMTYucG5nIjtzOjU6InJpZ2h0IjthOjE6e2k6MDtzOjY6ImxvZ2dlZCI7fX1pOjI7YTo4OntzOjQ6Im5hbWUiO3M6Mjk6IkFkZCBhbiBldmVudCBpbiB5b3VyIGNhbGVuZGFyIjtzOjM6InVpZCI7czo3OiI0MDAtNjUwIjtzOjQ6InR5cGUiO3M6ODoiY2FsZW5kYXIiO3M6NjoiYWN0aW9uIjtzOjQ6InBwYWEiO3M6MjoicGsiO2k6MDtzOjk6ImFqYXhwb3B1cCI7aTowO3M6NDoiaWNvbiI7czo0MjoiL2NvbW1vbi9waWN0dXJlcy9pdGVtcy9jYWxlbmRhcl9hZGRfMTYucG5nIjtzOjU6InJpZ2h0IjthOjE6e2k6MDtzOjY6ImxvZ2dlZCI7fX19fWk6OTthOjEyOntzOjQ6Im5hbWUiO3M6MTQ6Ik90aGVyIGZlYXR1cmVzIjtzOjQ6ImxpbmsiO3M6MTI6ImphdmFzY3JpcHQ6OyI7czo0OiJpY29uIjtzOjI2OiJwaWN0dXJlcy9tZW51X290aGVyXzQ4LnBuZyI7czo2OiJ0YXJnZXQiO3M6MDoiIjtzOjM6InVpZCI7czowOiIiO3M6NDoidHlwZSI7czowOiIiO3M6NjoiYWN0aW9uIjtzOjA6IiI7czoyOiJwayI7aTowO3M6OToiYWpheHBvcHVwIjtpOjA7czo3OiJsb2dpbnBrIjtpOjE7czo1OiJyaWdodCI7YToxOntpOjA7czo2OiJsb2dnZWQiO31zOjU6ImNoaWxkIjthOjI6e2k6MDthOjEwOntzOjQ6Im5hbWUiO3M6NzoiV2VibWFpbCI7czo0OiJsaW5rIjtzOjI4OiJodHRwczovL21haWwuYnVsYm91c2NlbGwuY29tIjtzOjQ6Imljb24iO3M6MjA6InBpY3R1cmVzL21haWxfMjQucG5nIjtzOjY6InRhcmdldCI7czo2OiJfYmxhbmsiO3M6MzoidWlkIjtzOjA6IiI7czo0OiJ0eXBlIjtzOjA6IiI7czo2OiJhY3Rpb24iO3M6MDoiIjtzOjI6InBrIjtpOjA7czo5OiJlbWJlZExpbmsiO2k6MDtzOjU6InJpZ2h0IjthOjE6e2k6MDtzOjY6ImxvZ2dlZCI7fX1pOjE7YToxMTp7czo0OiJuYW1lIjtzOjg6IkJDTSBNYWlsIjtzOjQ6ImxpbmsiO3M6MDoiIjtzOjQ6Imljb24iO3M6MjM6InBpY3R1cmVzL3dlYm1haWxfMjQucG5nIjtzOjY6InRhcmdldCI7czowOiIiO3M6MzoidWlkIjtzOjc6IjAwOS03MjQiO3M6NDoidHlwZSI7czo3OiJ3ZWJtYWlsIjtzOjY6ImFjdGlvbiI7czo0OiJwcGFhIjtzOjI6InBrIjtpOjA7czo5OiJhamF4cG9wdXAiO2k6MTtzOjc6ImxvZ2lucGsiO2k6MTtzOjU6InJpZ2h0IjthOjE6e2k6MDtzOjY6ImxvZ2dlZCI7fX19fWk6MTA7YToxMjp7czo0OiJuYW1lIjtzOjM6IkJDTSI7czo0OiJsaW5rIjtzOjEyOiJqYXZhc2NyaXB0OjsiO3M6NDoiaWNvbiI7czozNDoiL2NvbW1vbi9waWN0dXJlcy9tZW51L2JjbV9tZW51LnBuZyI7czo2OiJ0YXJnZXQiO3M6MDoiIjtzOjM6InVpZCI7czowOiIiO3M6NDoidHlwZSI7czowOiIiO3M6NjoiYWN0aW9uIjtzOjA6IiI7czoyOiJwayI7aTowO3M6OToiYWpheHBvcHVwIjtpOjA7czo3OiJsb2dpbnBrIjtpOjE7czo1OiJyaWdodCI7YToxOntpOjA7czo2OiJsb2dnZWQiO31zOjU6ImNoaWxkIjthOjM6e2k6MDthOjExOntzOjQ6Im5hbWUiO3M6NjoiTG9nb3V0IjtzOjQ6ImxpbmsiO3M6MTI6ImphdmFzY3JpcHQ6OyI7czo3OiJvbmNsaWNrIjtzOjc4OiJBamF4UmVxdWVzdCgnL2luZGV4LnBocDU/dWlkPTU3OS03MDQmcHBhPXBwYWxndCZwcHQ9JnBwaz0wJmxvZ291dD0xJnBnPWFqeCcpOyAiO3M6NDoiaWNvbiI7czoyNToiL21lZGlhL3BpY3R1cmUvbG9nb3V0LnBuZyI7czo2OiJ0YXJnZXQiO3M6MDoiIjtzOjM6InVpZCI7czowOiIiO3M6NDoidHlwZSI7czowOiIiO3M6NjoiYWN0aW9uIjtzOjA6IiI7czoyOiJwayI7aTowO3M6OToiZW1iZWRMaW5rIjtpOjA7czo1OiJyaWdodCI7YToxOntpOjA7czo2OiJsb2dnZWQiO319aToxO2E6MTE6e3M6NDoibmFtZSI7czoxMDoiTXkgYWNjb3VudCI7czo0OiJsaW5rIjtzOjA6IiI7czo0OiJpY29uIjtzOjM5OiIvY29tbW9uL3BpY3R1cmVzL21lbnUvdXNlcl9zZXR0aW5ncy5wbmciO3M6NjoidGFyZ2V0IjtzOjA6IiI7czozOiJ1aWQiO3M6NzoiNTc5LTcwNCI7czo0OiJ0eXBlIjtzOjM6InVzciI7czo2OiJhY3Rpb24iO3M6NDoicHBhZSI7czoyOiJwayI7aTowO3M6OToiYWpheHBvcHVwIjtpOjA7czo3OiJsb2dpbnBrIjtpOjA7czo1OiJyaWdodCI7YToxOntpOjA7czo2OiJsb2dnZWQiO319aToyO2E6MTE6e3M6NDoibmFtZSI7czoxNDoiQWRtaW5pc3RyYXRpb24iO3M6NDoibGluayI7czowOiIiO3M6NDoiaWNvbiI7czozNDoiL2NvbW1vbi9waWN0dXJlcy9tZW51L3NldHRpbmdzLnBuZyI7czo2OiJ0YXJnZXQiO3M6MDoiIjtzOjM6InVpZCI7czo3OiI2NjUtNTQ0IjtzOjQ6InR5cGUiO3M6Mzoic3RnIjtzOjY6ImFjdGlvbiI7czo0OiJwcGFhIjtzOjI6InBrIjtpOjA7czo5OiJhamF4cG9wdXAiO2k6MDtzOjc6ImxvZ2lucGsiO2k6MDtzOjU6InJpZ2h0IjthOjE6e2k6MDtzOjE0OiJhZG1pbmlzdHJhdGlvbiI7fX19fX19' WHERE `fieldname` = 'menunav1';

-- paul : manageable lists

INSERT INTO `manageable_list` (`manageable_listpk`, `shortname`, `cp_uid`, `cp_action`, `cp_type`, `cp_pk`, `label`, `description`, `item_type`) VALUES
(7, 'company_tabs', '', '', '', 0, 'Company tabs', 'Available company tabs.', 'sortable'),
(8, 'contact_tabs', '', '', '', 0, 'Contact tabs', 'Available contact tabs.', 'sortable'),
(9, 'courtesy', '', '', '', 0, 'Courtesy', 'Genders of persons. Ms, Mr. ect.', 'text');

INSERT INTO `manageable_list_item` (`manageable_list_itempk`, `manageable_listfk`, `label`, `value`) VALUES
(30, 7, 'Opportunities', 'cp_tab_opportunity'),
(38, 8, 'Profils', 'ct_tab_profile'),
(37, 8, 'Co Workers', 'ct_tab_coworker'),
(36, 8, 'Activities', 'ct_tab_event'),
(35, 8, 'Details', 'ct_tab_detail'),
(29, 7, 'Employees', 'cp_tab_employee'),
(28, 7, 'Documents', 'cp_tab_document'),
(27, 7, 'Details', 'cp_tab_detail'),
(26, 7, 'Activites', 'cp_tab_event'),
(39, 8, 'Documents', 'ct_tab_document'),
(43, 9, 'Mr', 'Mr'),
(42, 9, 'Ms', 'Ms');



CREATE TABLE IF NOT EXISTS `right` (
  `rightpk` int(11) NOT NULL AUTO_INCREMENT,
  `label` varchar(255) COLLATE utf8_unicode_ci NOT NULL,
  `description` text COLLATE utf8_unicode_ci NOT NULL,
  `type` varchar(128) COLLATE utf8_unicode_ci NOT NULL,
  `cp_uid` varchar(64) COLLATE utf8_unicode_ci NOT NULL,
  `cp_action` varchar(64) COLLATE utf8_unicode_ci NOT NULL,
  `cp_type` varchar(64) COLLATE utf8_unicode_ci NOT NULL,
  `cp_pk` int(11) NOT NULL,
  PRIMARY KEY (`rightpk`),
  KEY `cp_uid` (`cp_uid`),
  KEY `cp_action` (`cp_action`),
  KEY `cp_type` (`cp_type`),
  KEY `cp_uid_2` (`cp_uid`,`cp_action`,`cp_type`)
) ENGINE=MyISAM  DEFAULT CHARSET=utf8 COLLATE=utf8_unicode_ci AUTO_INCREMENT=115 ;

INSERT INTO `right` (`rightpk`, `label`, `description`, `type`, `cp_uid`, `cp_action`, `cp_type`, `cp_pk`) VALUES
(1, 'Addressbook admin', 'Full access to addressbook, with access to other people data and delete features', 'right', '777-249', 'right_admin', '', 0),
(2, 'Addressbook manager', 'Can access most of the features. Can''t delete connection or companies', 'right', '777-249', 'right_manager', '', 0),
(3, 'Addressbook viewer', 'Can view amd browse connection and company lists', 'right', '777-249', 'right_viewer', '', 0),
(4, 'View connection', 'View connection ', 'alias', '777-249', 'ppav', 'ct', 0),
(5, 'List connections', 'list / search connection', 'alias', '777-249', 'ppal', 'ct', 0),
(6, 'View company', 'View company ', 'alias', '777-249', 'ppav', 'cp', 0),
(7, 'List companies', 'list / search companies', 'alias', '777-249', 'ppal', 'cp', 0),
(8, 'Login static access', 'Allow to access login', 'static', '579-704', '', '', 0),
(9, 'Project Admin', 'Full access to the project component. Can manage other people''s tasks and projects.', 'right', '456-789', 'right_admin', '', 0),
(10, 'Project Manager', 'Can access most of the features. Can not remove the projects and tasks', 'right', '456-789', 'right_manager', '', 0),
(11, 'Project Viewer', 'Can View the list of the projects and view the project information', 'right', '456-789', 'right_viewer', '', 0),
(12, 'View project', 'View Project ', 'alias', '456-789', 'ppav', 'prj', 0),
(13, 'List project', 'List project ', 'alias', '456-789', 'ppal', 'prj', 0),
(14, 'Sharedspace admin', 'Full access to sharedspace component. Can manage other people''s documents.', 'right', '999-111', 'right_admin', '', 0),
(15, 'Sharedspace manager', 'Access to most of the features but can not remove the shared document', 'right', '999-111', 'right_manager', '', 0),
(16, 'List docs', 'List Shared Documents ', 'alias', '999-111', 'ppal', 'shdoc', 0),
(17, 'Downlaod docs', 'Download Shared Documents ', 'alias', '999-111', 'ppasen', 'shdoc', 0),
(18, 'Add Company', 'Access rights to add a new company', 'alias', '777-249', 'ppaa', 'cp', 0),
(19, 'Add Connection', 'Access rights to add a new connection', 'alias', '777-249', 'ppaa', 'ct', 0),
(20, 'Edit Company', 'Access Rights to edit company', 'alias', '777-249', 'ppae', 'cp', 0),
(21, 'Edit Connection', 'Access Rights to edit connection', 'alias', '777-249', 'ppae', 'ct', 0),
(22, 'Save new company', 'Access rights to save Company', 'alias', '777-249', 'ppasa', 'cp', 0),
(23, 'Save new connection', 'Access rights to save Connection', 'alias', '777-249', 'ppasa', 'ct', 0),
(24, 'Save existing company', 'Access rights to save Edited Company', 'alias', '777-249', 'ppase', 'cp', 0),
(25, 'Save existing connection', 'Access rights to save Edited Connection', 'alias', '777-249', 'ppase', 'ct', 0),
(26, 'Change company account manager', 'Access Right to change company account manager', 'alias', '777-249', 'ppat', 'cp', 0),
(27, 'Change connection account manager', 'Access Right to change connection account manager', 'alias', '777-249', 'ppat', 'ct', 0),
(28, 'Manage company profile', 'Access right to link company', 'alias', '777-249', 'ppam', 'cp', 0),
(29, 'Manage connection profile', 'Access right to link connection', 'alias', '777-249', 'ppam', 'ct', 0),
(30, 'Save Company Account Manager', 'Access right to save company account manager', 'alias', '777-249', 'ppast', 'cp', 0),
(31, 'Save Connection Account Manager', 'Access right to save connection account manager', 'alias', '777-249', 'ppast', 'ct', 0),
(32, 'Save Link Company', 'Access right to save link company ', 'alias', '777-249', 'ppasm', 'cp', 0),
(33, 'Save Link Connection ', 'Access right to save link connection', 'alias', '777-249', 'ppasm', 'ct', 0),
(34, 'Webmail Static Access', 'Static access for the webmail component', 'static', '009-724', '', '', 0),
(35, 'Delete Company', 'Right to remove the company', 'alias', '777-249', 'ppad', 'cp', 0),
(36, 'Delete Connection', 'Right to remove the connection', 'alias', '777-249', 'ppad', 'ct', 0),
(37, 'Add Business Profile', 'Add business profile to  connection', 'alias', '777-249', 'ppaa', 'cpr', 0),
(38, 'Save Business Profile', 'Save business profile to  connection', 'alias', '777-249', 'ppacpr', 'cpr', 0),
(39, 'Upload document', 'Access to upload document', 'alias', '777-249', 'ppaa', 'doc', 0),
(40, 'save uploaded document', 'Access to save the uploaded document', 'alias', '777-249', 'ppasa', 'doc', 0),
(41, 'Download  connection document', 'Access to download connection document', 'alias', '777-249', 'ppasen', 'ct', 0),
(42, 'Download company document', 'Access to download company document', 'alias', '777-249', 'ppasen', 'cp', 0),
(47, 'Add activities ', 'Access to add the events ', 'alias', '007-770', 'ppaa', 'event', 0),
(48, 'Edit activities ', 'Access to edit the events ', 'alias', '007-770', 'ppae', 'event', 0),
(49, 'Delete activities ', 'Access to remove the events ', 'alias', '007-770', 'ppad', 'event', 0),
(50, 'Save activities ', 'Access Right to save the events', 'alias', '007-770', 'ppasa', 'event', 0),
(51, 'Save Project', 'Access right to save project', 'alias', '456-789', 'ppasa', 'prj', 0),
(52, 'Save Edited Project', 'Access right to save edited project', 'alias', '456-789', 'ppase', 'prj', 0),
(53, 'Delete Project', 'Access right to remove the project', 'alias', '456-789', 'ppad', 'prj', 0),
(54, 'Listing Tasks', 'Access right to list task ', 'alias', '456-789', 'ppal', 'task', 0),
(55, 'Add Task', 'Access right to add task ', 'alias', '456-789', 'ppaa', 'task', 0),
(56, 'Save Added Task', 'Access right to save added task ', 'alias', '456-789', 'ppasa', 'task', 0),
(57, 'Save Edited Task', 'Access right to save edited task ', 'alias', '456-789', 'ppase', 'task', 0),
(58, 'Edit Task', 'Access right to edit task ', 'alias', '456-789', 'ppae', 'task', 0),
(59, 'Update Task', 'Access right to update task ', 'alias', '456-789', 'ppaupd', 'task', 0),
(60, 'Update Task Status', 'Access right to update task status', 'alias', '456-789', 'ppado', 'task', 0),
(61, 'Delete Task', 'Access right to remove task', 'alias', '456-789', 'ppad', 'task', 0),
(62, 'Upload attachment to project ', 'Access right to upload attachment to project', 'alias', '456-789', 'ppaa', 'attch', 0),
(63, 'Save Project Actors ', 'Access right to save project actors', 'alias', '456-789', 'ppase', 'prjacr', 0),
(64, 'View Graphical View ', 'Access right to view graphical view ', 'alias', '456-789', 'ppavd', 'prj', 0),
(65, 'View Task ', 'Access right to view task ', 'alias', '456-789', 'ppav', 'task', 0),
(66, 'Save Added Attachment for Project ', 'Access right to save added attachment for the project ', 'alias', '456-789', 'ppasa', 'attch', 0),
(67, 'Save Edited Attachment for Project ', 'Access right to save edited attachment for the project ', 'alias', '456-789', 'ppase', 'attch', 0),
(68, 'Edit Project Actors ', 'Access right to edit project actors ', 'alias', '456-789', 'ppae', 'prjacr', 0),
(69, 'Static Mail Access', 'Static access for the BCMedia email link', 'static', '845-187', '', '', 0),
(70, 'Search Companies List ', 'Access right to search companies list in the selector ', 'alias', '777-249', 'ppasea', 'cp', 0),
(71, 'Save Business Add Profile ', 'Access to save business add profile', 'alias', '777-249', 'ppasa', 'cpr', 0),
(72, 'Save Business Edit Profile ', 'Access to save business edit profile', 'alias', '777-249', 'ppase', 'cpr', 0),
(73, 'Edit Business Profile', 'Access right to edit business profile', 'alias', '777-249', 'ppae', 'cpr', 0),
(74, 'Sharedspace management', 'Access right to edit and delete sharedspace ', 'alias', '999-111', 'ppam', 'shdoc', 0),
(75, 'Edit Sharedspace document', 'Access to edit shared space document', 'alias', '999-111', 'ppae', 'shdoc', 0),
(76, 'Save added Sharedspace document', 'Access to add shared space document', 'alias', '999-111', 'ppasa', 'shdoc', 0),
(77, 'Save edited Sharedspace document', 'Access to save shared space document', 'alias', '999-111', 'ppase', 'shdoc', 0),
(78, 'Add Sharedspace document', 'Access to add shared space document', 'alias', '999-111', 'ppaa', 'shdoc', 0),
(79, 'Delete sharedspace', 'Access right to delete shared space document', 'alias', '999-111', 'ppad', 'shdoc', 0),
(80, 'Add Project ', 'Access right to add new project', 'alias', '456-789', 'ppaa', 'prj', 0),
(81, 'Edit Project', 'Access right to edit project', 'alias', '456-789', 'ppae', 'prj', 0),
(82, 'Static Form Access', 'Static form access', 'static', '668-313', '', '', 0),
(83, 'Edit the attachment of company or connection', 'Access right to edit the attachment of company or connection', 'alias', '777-249', 'ppae', 'doc', 0),
(84, 'Delete the attachment of company or connection', 'Access right to delete attachment of company or connection', 'alias', '777-249', 'ppad', 'doc', 0),
(85, 'Customfields Admin', 'Admin right for custom field component. Can add fields for all database or delete customfields', 'right', '180-290', 'right_admin', '', 0),
(86, 'Customfields Manager', 'Can add one field at one time. Can not update the existing custom fields', 'right', '180-290', 'right_manager', '', 0),
(87, ' Add custom fields', 'Access right to add custom fields ', 'alias', '180-290', 'ppaa', 'csm', 0),
(88, ' Edit custom fields', 'Access right to edit custom fields ', 'alias', '180-290', 'ppae', 'csm', 0),
(89, ' Save custom fields', 'Access right to save added custom fields ', 'alias', '180-290', 'ppasa', 'csm', 0),
(90, ' Update custom fields', 'Access right to update  custom fields ', 'alias', '180-290', 'ppau', 'csm', 0),
(91, 'Add custom fields for all items', 'Access right to add custom field for all the entries', 'alias', '180-290', 'ppaall', 'csm', 0),
(94, 'Static right for portal', 'Static access for portal component', 'static', '111-111', '', '', 0),
(95, 'Static right for charts', 'Static access for charts component', 'static', '222-222', '', '', 0),
(96, 'Static right for zimbra', 'Static access for zimbra component', 'static', '400-650', '', '', 0),
(97, 'Delete activity reminders', 'Allow to delete reminders set on events', 'alias', '007-770', 'ppad', 'evtrem', 0),
(98, 'Opportunity admin', 'Allow to manage other people''s opportunities and change the status to "paid"', 'right', '555-123', 'right_op_paiement', '', 0),
(99, 'Opportunity paiement', 'Allow to change an opportunity status to payed.', 'alias', '555-123', 'ppafe', 'pai', 0),
(100, 'Opportunity edit', 'Opportunity edition form.', 'alias', '555-123', 'ppae', '', 0),
(101, 'Opportunity add', 'Opportunity addition form. ', 'alias', '555-123', 'ppaa', '', 0),
(102, 'Alias add opportunity saving', 'Saving opportunity addition.', 'alias', '555-123', 'ppase', '', 0),
(103, 'Alias edit opportunity saving', 'Saving opportunity edition.', 'alias', '555-123', 'ppasa', '', 0),
(104, 'Opportunity manager', 'Adding and editing opportunities untill paiement.', 'right', '555-123', 'right_op_managment', '', 0),
(105, 'Public charts', 'Display public charts.', 'static', '222-222', 'ppav', '', 0),
(106, 'My opportunities listing', 'My opportunities listing', 'alias', '555-123', 'ppal', 'opp', 0),
(107, 'Delete profile', 'Alias allowing to delete connection profiles', 'alias', '777-249', 'ppad', 'cpr', 0),
(110, 'shift_wide_css', 'Allow user to shift between std or wide css', 'static', '665-544', '', 'stgsys', 0),
(112, 'Alias AB ssearch connection ', 'Alias allowing to use the connection selector.', 'alias', '777-249', 'ppasea', 'ct', 0),
(113, 'User Preference', 'Allows user to save his preferences.', 'right', '665-544', 'ppal', 'usrprf', 0),
(114, 'Save User Preference', 'Allows user to save preferences.', 'alias', '665-544', 'ppasc', 'usrprf', 0);

-- --------------------------------------------------------

CREATE TABLE IF NOT EXISTS `right_tree` (
  `right_treepk` int(11) NOT NULL AUTO_INCREMENT,
  `rightfk` int(11) NOT NULL,
  `parentfk` int(11) NOT NULL,
  PRIMARY KEY (`right_treepk`),
  UNIQUE KEY `rightfk_2` (`rightfk`,`parentfk`),
  KEY `rightfk` (`rightfk`),
  KEY `parentfk` (`parentfk`)
) ENGINE=MyISAM  DEFAULT CHARSET=utf8 COLLATE=utf8_unicode_ci AUTO_INCREMENT=190 ;

INSERT INTO `right_tree` (`right_treepk`, `rightfk`, `parentfk`) VALUES
(1, 2, 1),
(180, 26, 1),
(181, 27, 1),
(182, 30, 1),
(7, 3, 2),
(8, 4, 2),
(10, 6, 2),
(12, 5, 3),
(13, 7, 3),
(179, 11, 9),
(18, 11, 10),
(19, 12, 11),
(20, 13, 11),
(23, 15, 14),
(189, 114, 113),
(26, 16, 15),
(27, 17, 15),
(183, 31, 1),
(184, 35, 1),
(185, 36, 1),
(186, 84, 1),
(32, 18, 2),
(33, 19, 2),
(34, 20, 2),
(35, 21, 2),
(188, 99, 98),
(44, 22, 2),
(45, 23, 2),
(46, 24, 2),
(47, 25, 2),
(58, 28, 2),
(59, 29, 2),
(62, 32, 2),
(63, 33, 2),
(67, 37, 2),
(69, 38, 2),
(72, 39, 2),
(73, 40, 2),
(76, 41, 2),
(77, 42, 2),
(81, 47, 2),
(82, 48, 2),
(88, 49, 2),
(89, 50, 2),
(93, 53, 9),
(94, 51, 10),
(95, 52, 10),
(97, 54, 11),
(100, 55, 10),
(102, 56, 10),
(104, 57, 10),
(106, 58, 10),
(108, 59, 10),
(110, 60, 10),
(111, 61, 9),
(113, 62, 10),
(115, 63, 10),
(117, 64, 11),
(120, 65, 11),
(124, 66, 10),
(125, 67, 10),
(127, 68, 10),
(129, 70, 2),
(131, 71, 2),
(133, 72, 2),
(135, 73, 2),
(137, 74, 15),
(139, 75, 15),
(141, 76, 15),
(143, 77, 15),
(145, 78, 15),
(147, 79, 15),
(149, 80, 10),
(151, 81, 10),
(153, 83, 2),
(156, 88, 86),
(158, 90, 86),
(162, 86, 85),
(163, 89, 86),
(164, 91, 86),
(165, 87, 86),
(167, 97, 2),
(168, 104, 98),
(169, 100, 104),
(170, 101, 104),
(171, 102, 104),
(172, 103, 104),
(173, 106, 104),
(174, 107, 2),
(175, 112, 2);

